,Sample,Mean
0,WT_1,1618.0
1,WT_2,1410.3333333333333
2,WT_3,1581.0
3,KO_1,816.0
4,KO_2,568.6666666666666
5,KO_3,714.3333333333334
